1.054252064385551524e+00,1.240784804702363076e+00,6.480168942327504400e-01
1.434003435326132614e+00,7.717327248386574023e-01,1.120685831912450414e+00
1.467196466962696899e+00,5.530350828395412810e-01,1.279235199986488825e+00
9.466948725550387023e-01,1.301457638636247305e+00,6.020635546341278621e-01
1.070972751342069040e+00,7.645444488696632179e-01,1.238604699066139014e+00
8.026233074033817250e-01,8.975286565449607235e-01,1.008220236619832511e+00
1.122668056236334255e+00,1.106600784567382201e+00,9.627608812292577367e-01
1.159081519838304430e+00,8.452482056887612449e-01,1.201998395028539335e+00
1.163624315659339548e+00,1.293558291827770823e+00,1.114322624146339091e+00
6.544228694170789451e-01,6.099937528879578741e-01,1.198100838204797958e+00
1.390387901108332658e+00,1.263978408322880220e+00,1.389020953481431508e+00
1.209913865688769352e+00,6.303995326554094891e-01,1.238568905638921080e+00
1.254453636578632736e+00,1.399043844379361357e+00,9.443708267822202851e-01
6.154223228950175262e-01,6.336343546420744044e-01,6.288939382391274258e-01
1.064183737178407974e+00,1.360647743094498541e+00,8.759586694928809258e-01
1.282603487876850634e+00,9.357951567436213480e-01,9.933289781401931640e-01
9.787418255429189973e-01,1.393548924661200505e+00,9.392315466875362784e-01
1.137622734123917345e+00,6.322802362819202049e-01,6.412541833266984792e-01
1.449143890449630323e+00,1.083179641603745802e+00,9.751513615621870690e-01
5.420811569147472309e-01,1.055326550782536899e+00,5.007276012614989558e-01
6.074507830983006951e-01,1.330984910616598738e+00,1.386942936916110369e+00
8.114879128259528951e-01,1.025843460977168942e+00,1.059515072239133993e+00
1.338655631741625385e+00,6.099900682156925713e-01,8.084893318263974837e-01
7.705023991389217120e-01,7.792410293096887486e-01,1.220110049967537247e+00
5.594425865364295314e-01,1.136709764167814773e+00,1.082645580008241293e+00
1.384264549840036995e+00,1.164981549561778795e+00,6.775947216304133436e-01
7.720663976339694479e-01,1.427593274406628199e+00,1.149031065307170252e+00
7.429264655109423243e-01,8.746012443935645697e-01,1.067329069538448083e+00
1.118101754179150698e+00,1.441539986110642380e+00,9.704872576538960960e-01
6.216290150643424273e-01,1.314498025550194571e+00,1.219049272197651801e+00
1.064822255336398182e+00,1.007753042154563961e+00,5.693494525227389413e-01
1.074275605928518118e+00,1.459053603731571336e+00,1.236181194099990943e+00
1.020430318899319566e+00,9.006727937748888468e-01,1.351568821061706949e+00
7.843339395639155054e-01,7.446575100782409917e-01,1.144354090397389445e+00
1.337469049470413784e+00,1.012929160895863712e+00,1.115508911330808317e+00
1.041027136643255302e+00,1.225293491706567650e+00,6.278471930038120874e-01
1.186178649619390235e+00,1.211942784962338315e+00,1.227895738082204646e+00
7.421893080476963389e-01,5.488528472372626865e-01,5.203186995604166531e-01
1.375291653555101412e+00,1.325754996434232558e+00,7.430169371881808482e-01
7.103618784061330738e-01,8.602521680344945576e-01,6.364952926303375502e-01
1.418229696551567276e+00,7.070785182086504195e-01,5.020028355867514058e-01
1.156074727409548197e+00,1.397431071444188655e+00,7.749449066610131220e-01
1.141366691949048384e+00,1.370304306256587834e+00,9.157790596969822561e-01
7.638365837512627321e-01,7.482471269260190239e-01,1.475872546569625188e+00
1.498859496206868203e+00,1.289262464003473330e+00,1.116070828308907359e+00
1.269106590409678770e+00,7.065072474195098762e-01,1.328519973950841759e+00
1.267352001897820379e+00,1.041930224688688345e+00,1.428446716508038561e+00
1.387714913467261946e+00,5.307314887743966869e-01,5.131654671920916622e-01
9.686844023852347885e-01,5.065924399582846238e-01,9.311528125062762395e-01
1.450267998592260632e+00,1.265997855971948249e+00,1.218246498011532397e+00
7.305522523945466862e-01,1.260728987428508585e+00,1.211122159513253305e+00
1.481573073332965729e+00,1.059285574445615330e+00,5.718386360085006004e-01
9.510052341423038680e-01,1.127112445200423974e+00,1.239139953162882613e+00
1.086751357473039192e+00,1.376169710173555716e+00,1.204276731482238016e+00
8.058629012162549232e-01,8.830452049965904493e-01,6.676402441702466994e-01
6.999922043503381541e-01,7.982836812874083421e-01,6.766892413601234280e-01
7.013260681715947076e-01,8.050556528492212038e-01,6.565353919427874274e-01
1.156905608353082648e+00,1.194002962345251051e+00,8.689982951717201143e-01
1.274360058534434792e+00,8.228114340125324278e-01,9.311242788069737930e-01
8.121496668726519985e-01,7.287819588350242794e-01,7.568533892364240900e-01
6.025922850698756106e-01,1.227906092521878101e+00,7.303819083292273362e-01
5.952509611581512372e-01,1.135492311092046069e+00,1.255623898338213529e+00
1.340196369942368015e+00,1.260370135400157521e+00,9.971115865692286029e-01
5.457021090240140593e-01,1.407893685947704476e+00,1.318295426332480869e+00
5.008046959941558907e-01,6.279503837989879322e-01,5.837567825248347608e-01
1.175900678863906368e+00,1.194259222037945545e+00,1.000161756635039811e+00
7.730632629020041113e-01,1.386451998600659152e+00,9.549307378429634507e-01
1.482441305617869354e+00,1.056258452162148309e+00,1.097119730283661498e+00
8.681971245377799740e-01,1.051747260776533022e+00,1.397363527668327610e+00
5.186978992585119519e-01,9.431685230686909227e-01,7.607768727594199643e-01
1.039188665624398711e+00,1.307393290101408034e+00,1.088129746276074394e+00
8.182420256566061978e-01,8.447254821007443848e-01,1.041265675133515423e+00
1.425859641307311687e+00,1.132576758520511540e+00,1.375177489606264070e+00
7.205994949061882426e-01,1.228935475591833359e+00,9.318398313423233992e-01
5.875244090210375303e-01,9.457583749759016500e-01,1.186033644230230166e+00
5.337689262547823388e-01,1.105648670936803413e+00,1.412358846293380266e+00
1.241941957318718259e+00,1.067661216394297341e+00,1.423120495694499832e+00
5.959284350965293742e-01,8.999270258944581657e-01,6.191313760057236548e-01
1.279012186602074497e+00,1.460285293373157600e+00,7.414162653465424802e-01
1.037997867868474700e+00,7.883872679716775744e-01,1.121628731002071167e+00
9.268279001160345532e-01,1.260094997048937238e+00,5.498342166712780754e-01
6.596075704410494511e-01,6.112844299380509883e-01,5.501281903665605766e-01
6.367450256365776440e-01,6.988638264702256020e-01,6.918433134631650772e-01
1.317052625126161169e+00,9.123415855131354890e-01,6.981545442657329792e-01
1.331447525167084756e+00,1.330475370485932007e+00,6.971066256767711744e-01
1.165745326386966818e+00,7.167936471378990593e-01,6.519933140926357229e-01
7.739502228696737429e-01,1.479044162662892514e+00,6.473414933843659735e-01
7.307762494208493997e-01,1.458420016516948969e+00,9.263711634369808934e-01
1.075839528388494504e+00,5.646325507416815048e-01,1.163476164348264064e+00
8.181624872173368646e-01,7.414817635386443673e-01,5.389446422441821483e-01
1.384466252011666842e+00,1.155079037793387720e+00,1.424780040950797577e+00
5.474381410187268981e-01,8.838722147198637691e-01,8.843753483607978971e-01
1.434521737043953582e+00,1.125827462308939708e+00,1.087110564794400824e+00
1.382914292673149692e+00,1.195411682206561910e+00,1.411784756741237601e+00
8.402530329372088769e-01,8.920403944521713147e-01,7.548393071930535880e-01
1.080003241603231245e+00,7.694350602244294235e-01,9.266116342352114232e-01
1.489109980633696928e+00,1.128626794032796088e+00,5.608896504664516725e-01
1.197633697297504796e+00,8.929126727156124765e-01,8.785194503145384859e-01
1.182863348438854212e+00,1.141109148742600610e+00,1.165221082174721978e+00
1.004232609002272625e+00,1.455682764698243536e+00,9.299316524477149182e-01
7.862344279858527463e-01,8.746704715385892337e-01,1.131888538596568239e+00
1.288864917154575851e+00,1.317848037061855271e+00,6.511045107347546157e-01
1.294617514282476067e+00,1.369324622737154495e+00,1.055293621653703440e+00
8.669876857372210699e-01,1.077274440423516833e+00,1.412640491492164418e+00
6.856508463115322805e-01,1.129367883593803690e+00,8.625826892330463735e-01
6.405762711098623718e-01,1.311575787936005266e+00,1.160839037088263526e+00
9.215933918855312434e-01,6.270806056930492423e-01,1.201919583893282129e+00
9.736045142947877817e-01,7.833811806415065249e-01,1.044917571725875627e+00
1.269769944755190894e+00,7.229968155791410833e-01,9.151305711059611880e-01
1.488182326372709419e+00,1.432897215263207791e+00,9.912201409199212776e-01
6.399851894352041048e-01,8.297809886459075468e-01,9.332797360292199862e-01
1.136883061154195129e+00,1.081668879963311403e+00,5.426068142722154652e-01
6.214577010507236210e-01,1.019537396392931061e+00,6.955008485503842985e-01
5.385789654622080702e-01,1.291867301207824781e+00,9.508808008371470999e-01
1.041216779343030474e+00,9.433637408935997559e-01,1.265067815464682610e+00
1.294488330195828762e+00,1.376464664653151093e+00,5.160178785299579518e-01
6.815235638605435797e-01,7.391552079535682607e-01,8.164718345329923244e-01
1.119320267290234483e+00,6.652923317409351611e-01,1.371860039316569635e+00
8.283468324121725512e-01,8.354497919742921441e-01,9.727402206379818228e-01
1.416948794069518680e+00,8.592602882008524290e-01,7.781056649339055387e-01
8.724719789845847284e-01,1.429957493610224617e+00,1.311720250767262064e+00
1.228589840959833701e+00,8.573393054762041832e-01,1.343654242310991620e+00
7.904027132053725868e-01,1.260561083599214260e+00,6.236560265070457687e-01
5.256495196582433582e-01,1.251791294360186324e+00,9.323062028143377367e-01
8.450195673426469378e-01,1.043118709164113422e+00,7.023119262287096376e-01
1.229432352434310927e+00,5.326912503605181204e-01,9.094912454227658261e-01
7.359552758818835860e-01,7.660335124033618159e-01,1.026106692451544955e+00
6.921501140605499369e-01,1.272462198328366378e+00,5.105128750277079241e-01
8.450117314617320297e-01,1.381295509696678359e+00,7.411430093850611689e-01
1.301189862095942340e+00,8.001452739473533526e-01,8.233624845889079280e-01
1.119671612114649939e+00,9.505753243314755130e-01,5.049986527744141362e-01
9.382139250893307691e-01,5.056619982489515275e-01,1.399976453340461280e+00
5.673275908144684854e-01,5.466129987224972453e-01,1.478106937641627372e+00
6.360309743986991560e-01,1.474223309181100339e+00,1.130061284256567156e+00
5.152999480440597635e-01,5.279426395206967548e-01,8.767881886431856397e-01
1.124494005524361739e+00,1.081572001391935878e+00,5.622163887316747877e-01
1.427561981542541325e+00,5.890645327652005436e-01,6.041064278134531396e-01
8.134919438384133894e-01,7.071485026204106239e-01,7.282054964247836049e-01
1.043485288708837722e+00,1.331642848192959194e+00,1.289731784618286525e+00
1.207639959918013428e+00,6.150238460447682298e-01,7.969776865743006811e-01
1.110592793960095248e+00,9.060189464070289578e-01,5.725055596735403318e-01
5.634664526542280116e-01,7.551301650832971113e-01,8.379462699750588328e-01
9.120989179794450896e-01,8.714207852562775303e-01,8.931175807642341979e-01
5.485336115407980495e-01,9.016923193106247680e-01,7.034503746220648335e-01
1.408140046872409012e+00,1.122211665727089080e+00,7.596557241715286013e-01
6.525560169677839806e-01,6.297829125358452851e-01,1.069788990209993962e+00
1.092245552597284730e+00,1.170637459563039107e+00,1.163123447578120473e+00
7.084571646939877843e-01,1.374326762500106769e+00,9.116227890271761947e-01
8.168092709082517278e-01,1.173242993434682191e+00,1.197659511882516181e+00
5.949606700981798779e-01,1.377254305603043738e+00,5.805681178367017026e-01
1.391740193183454988e+00,7.282221544436487948e-01,5.179510987956035262e-01
1.121717074953087590e+00,7.844786470217309793e-01,5.679381098731389743e-01
1.172861438962817138e+00,1.374451157357214237e+00,1.429356162963052679e+00
7.466353915472278002e-01,1.108014669908547800e+00,1.085734761753410105e+00
6.470467866138203128e-01,8.627477712342587202e-01,8.131290086680250662e-01
9.395183032500421527e-01,8.047015713736851428e-01,1.344984319877861045e+00
1.353256337730955217e+00,1.317062197142607971e+00,1.286220943529333915e+00
7.670459564949181352e-01,8.141113378281757962e-01,7.165034125542883991e-01
8.004568526594045830e-01,9.451542857120741603e-01,8.588250371835279839e-01
5.111119605629016460e-01,1.183649040015290144e+00,1.398363423964848584e+00
6.809528455179902906e-01,1.318067027077552078e+00,1.376524579293825878e+00
7.298464580394539158e-01,7.515966768433473000e-01,5.671445641449807118e-01
1.040612260018097812e+00,8.529542661438339612e-01,1.360494322904719500e+00
1.154905409959501084e+00,1.285859646430006498e+00,7.024490699655208115e-01
1.048985022189718563e+00,5.254884598678634111e-01,7.439326791642369985e-01
1.407336864932000609e+00,6.105608206619527190e-01,9.002359601438560954e-01
5.370949199662642393e-01,1.357358176787705428e+00,1.484432832175851535e+00
5.223252932517774560e-01,8.891339216643731058e-01,8.387958986758836666e-01
1.306526575112780364e+00,1.042152354713745233e+00,1.177898285049107763e+00
8.561498010809042158e-01,1.342206393644581386e+00,5.563578454923446825e-01
1.029029834177273006e+00,1.457191478767652981e+00,6.746496679214621928e-01
5.801387264678777855e-01,1.344509124440946390e+00,1.146531437830984768e+00
1.231946750809113311e+00,5.812486375195715649e-01,1.225632621741272299e+00
1.268582859355807058e+00,5.465311072844160067e-01,9.211897957468044851e-01
1.454708144601641884e+00,8.400257256032913622e-01,5.269353638486180547e-01
1.007500206864507142e+00,8.377516091381826957e-01,1.356745887961506636e+00
1.316426964143396994e+00,8.494123535409326964e-01,6.951358347904349477e-01
8.410169882125110297e-01,1.286499840815819251e+00,1.042523822420916346e+00
1.205413828879128069e+00,8.392007595150282606e-01,5.196754633451653449e-01
5.854283021544424148e-01,5.005912639339589187e-01,6.911956077425188694e-01
1.069290750997600403e+00,1.343427789094169933e+00,7.416012777498496300e-01
1.299640917851089927e+00,8.451222114643552885e-01,5.581707957549536525e-01
5.681307447769168295e-01,1.095243002204687066e+00,7.940606261549615352e-01
1.038968009953936900e+00,1.470171017650740541e+00,8.702180898531205466e-01
6.074873519111472220e-01,6.483921675270960527e-01,5.354386296687292379e-01
9.351212005381061010e-01,1.148055246022011255e+00,7.541870042397641472e-01
9.945292385078347008e-01,7.744838947844235877e-01,9.161519264698353426e-01
8.402291101714873811e-01,7.441765851533870268e-01,6.632767201061481321e-01
6.650733040906331439e-01,9.375446874160595634e-01,1.420496257465432510e+00
1.374047342026605500e+00,1.228831132466968512e+00,6.633959396215141080e-01
1.228328549196593844e+00,1.314200111868189857e+00,9.064324765783585702e-01
1.358094831190250762e+00,1.115740657981159512e+00,6.670829365528774257e-01
7.327720303552365255e-01,6.661328359194567117e-01,1.214839701667645766e+00
1.320956775429627195e+00,1.162722697424114715e+00,6.865913564302582595e-01
1.039123128727181822e+00,8.020905238683554428e-01,5.277387929481089923e-01
1.030088075421699445e+00,1.179570549050238615e+00,7.142128383420590643e-01
1.357306096274860208e+00,7.888882176951009795e-01,7.403466859090197527e-01
1.193021357557449313e+00,1.409853845560861130e+00,5.804857613016080053e-01
1.457665412031120988e+00,7.182595114052821028e-01,1.452196072615560052e+00
1.334130020017139540e+00,1.303831738574831700e+00,7.716626675842781502e-01
6.517604594990291655e-01,1.208751493099147423e+00,5.388766341146385974e-01
8.840826479929996262e-01,5.660417045987508056e-01,8.290719520779583629e-01
7.590211098880879081e-01,7.551243101696430982e-01,8.761996449791019659e-01
1.241567092092741964e+00,1.295200699009758427e+00,1.426208375795406269e+00
5.592561070994900296e-01,1.303954420100291056e+00,8.742764624560331876e-01
1.022195315895475076e+00,8.447903246333413607e-01,8.800732727412468037e-01
1.192012442293957974e+00,1.265398002958508128e+00,8.601831804950226257e-01
1.014511109918173393e+00,7.072420493908470052e-01,1.445564993036063228e+00
1.089399824497519820e+00,5.810738875902330403e-01,1.008975961506991315e+00
5.949184246472294380e-01,1.099016796178585498e+00,1.078606472657874349e+00
1.008837382927414206e+00,5.116197243166508146e-01,5.553720045440189157e-01
5.792475787329862680e-01,5.844537980249691067e-01,6.890811740566670229e-01
6.756924717459145135e-01,1.041902154634549715e+00,9.929612300179820883e-01
1.143524752121416910e+00,1.322612612261603537e+00,1.114877603632531633e+00
8.020768117595636904e-01,1.439461270784923030e+00,1.053726533955645639e+00
1.228768787249433725e+00,5.744050914455939294e-01,1.204125036153367745e+00
6.017331775746262990e-01,9.700111645798916715e-01,1.468398102802649152e+00
1.058837848133827197e+00,1.152808338132075061e+00,7.368560966113403277e-01
1.223508814908966569e+00,5.223766845344639531e-01,8.366675179302532905e-01
9.905688293791914401e-01,9.745367136450294732e-01,1.039862305354019245e+00
5.123881728093455656e-01,1.201715838434695538e+00,1.205586985990970028e+00
1.338598301217517106e+00,9.247679508299470053e-01,8.757712832693954619e-01
5.720827953025603430e-01,1.482800184859380810e+00,7.452220306417119966e-01
5.189788971453832556e-01,1.374788190030926227e+00,1.158675361759261779e+00
9.248834806625679805e-01,6.565050794975220150e-01,8.701021421892677354e-01
5.747546837021789701e-01,1.180895438430921818e+00,1.171620657788417619e+00
6.642571858132354512e-01,1.317080833114993244e+00,9.147647692151535948e-01
1.301174865955649018e+00,1.170309871628220089e+00,1.167119778369656302e+00
1.139331892659482426e+00,1.241638089880855667e+00,1.289717511420226614e+00
8.157205761751744610e-01,1.138178119732093485e+00,1.037950644449145976e+00
1.120516365716407226e+00,1.249973400585063565e+00,1.339557832375800395e+00
1.111954859649352478e+00,1.021731603773234687e+00,8.987010385044885696e-01
8.923425235740271022e-01,5.789437347971524428e-01,8.099838511997810020e-01
7.556726360514675056e-01,1.404068364243966194e+00,1.416158130782787072e+00
7.992181791234220789e-01,6.293883270651443596e-01,1.207611276402084766e+00
9.588127928914810250e-01,5.110140166765475556e-01,8.130883325143297702e-01
1.269351449872001769e+00,6.051049930712295577e-01,6.299699305067626431e-01
1.016329022428800855e+00,1.393240565239415307e+00,7.964503320434189737e-01
1.380093478006957364e+00,1.219318130996921212e+00,5.112598350859633989e-01
5.599644044553064859e-01,1.293354707954825988e+00,8.405888566467955014e-01
1.170098227742503827e+00,9.808974121187964412e-01,1.229033745881206396e+00
1.071363588255551225e+00,5.969936298963617327e-01,1.264304345196193502e+00
1.434562899775917666e+00,9.176840662892427058e-01,1.358502140765835531e+00
7.062711071418017461e-01,1.255517183224071687e+00,1.241806587625621461e+00
7.460652702405528025e-01,8.719486322200580286e-01,1.086998011362365624e+00
1.031356738911456183e+00,1.138465395690369641e+00,9.229445195209544650e-01
9.489489665807674390e-01,1.120328911817868311e+00,1.254391331121345043e+00
1.011316591697793754e+00,8.149215421938449389e-01,6.595267686199658419e-01
1.097897253547535534e+00,9.481374566326354891e-01,8.076483289221000339e-01
1.489560949976754367e+00,6.250983179000435541e-01,1.388091109558972303e+00
1.455207886880290680e+00,8.295882868421581291e-01,1.284655980858454560e+00
6.742841460389873420e-01,8.463511970852921618e-01,5.939440411310171752e-01
1.329726306955955506e+00,8.068176556927530996e-01,1.267217023227732664e+00
1.288615444705444091e+00,1.415636896815727352e+00,8.759267502912628789e-01
1.483003223488270406e+00,1.395480641338272765e+00,1.270031514963018138e+00
1.289372860501745377e+00,1.017400830760575747e+00,6.711591562661051169e-01
1.408114774400305969e+00,5.562557511676919919e-01,6.655816782142063293e-01
9.576566582805917660e-01,1.200746633603507085e+00,1.483656113032395751e+00
6.267914594407257844e-01,9.989021025142700294e-01,9.865148572946684791e-01
1.433951926555747658e+00,8.973825408384029645e-01,6.417901959822733815e-01
5.618066502226224390e-01,1.152770990095620895e+00,6.796928803330832825e-01
6.055101018585286043e-01,6.559965938754435122e-01,7.333673834206879683e-01
1.422991020224353198e+00,1.114991046469796299e+00,1.250240842718849166e+00
1.182242643288770712e+00,7.754738405512715538e-01,9.639084944576830072e-01
1.062447241630338102e+00,1.301224594018208780e+00,1.042365827174743576e+00
1.006240225679143396e+00,8.847828177358200152e-01,7.816320787438482132e-01
1.399635772378943210e+00,1.455726933959938130e+00,8.009602848079567794e-01
7.021994434207763369e-01,1.040227326162774801e+00,5.837311478773427043e-01
5.210568401187621879e-01,1.130542743098386538e+00,9.842268856139702038e-01
6.864157380005597719e-01,9.592907650985976753e-01,1.224193529540076764e+00
6.835203859813820948e-01,1.153433794261525147e+00,6.287563229405149778e-01
7.902078449833068730e-01,9.641397958346158426e-01,7.451081635550220739e-01
9.077426369051292410e-01,6.267210445988992129e-01,7.219057097727707983e-01
1.183423233405295205e+00,9.047132831287972854e-01,6.373857671228564392e-01
9.059239011724271595e-01,7.316117760413548554e-01,1.065903347842242166e+00
8.082884882429602902e-01,8.951965740661252946e-01,8.381631244373397571e-01
1.156869933316620358e+00,1.481056633749300522e+00,9.036482528501388334e-01
8.468363911672494027e-01,1.050425320228020265e+00,1.250038928538993233e+00
6.430823274595304229e-01,9.953945269213767544e-01,1.074906064734278743e+00
7.023127730726528295e-01,6.058963204117667756e-01,1.421792571326781829e+00
8.867596830644070005e-01,1.082928499250189303e+00,9.564093862215173880e-01
9.779130593501440538e-01,1.199685121248216468e+00,6.770039036980972647e-01
1.388379289281666651e+00,5.058524568192961368e-01,5.997692854250005201e-01
7.236021659116074201e-01,5.655399034071856290e-01,1.016942881056334791e+00
1.201724443307080836e+00,1.083809317815443984e+00,1.266471931016163843e+00
5.031918135477790877e-01,9.248986851618089533e-01,5.055088162961739462e-01
9.522025753749654431e-01,6.208997055147223998e-01,8.523264111414754485e-01
1.360420250406721987e+00,1.118522470578792394e+00,9.042033246733585106e-01
1.342871674602127863e+00,5.654344244492036653e-01,1.112264523060106258e+00
1.140123861092510182e+00,7.428883862916575431e-01,5.677340160527137858e-01
8.373504428552477341e-01,6.467257635986433106e-01,1.046807944056816986e+00
1.251801248737358208e+00,1.003204571523162336e+00,6.386427687670108710e-01
1.388238348485376417e+00,1.448627486607642068e+00,8.108574198823403911e-01
1.430951927721428651e+00,9.690367380903612826e-01,7.530876964105567284e-01
8.902095295709403500e-01,7.650808742843225874e-01,1.042515892361076224e+00
5.092266616887649588e-01,1.104161589632106866e+00,1.151957713667322913e+00
7.988128067145371380e-01,1.385653890543412814e+00,1.019213592224903486e+00
7.729439808644468224e-01,9.558262315355685601e-01,1.248880527305141097e+00
1.193260236312428280e+00,1.474020728753852261e+00,1.132294243124770228e+00
1.033920658239991131e+00,8.129817159455560160e-01,9.290553362409887939e-01
5.667025474018257958e-01,1.211029698558059087e+00,1.184781416580802382e+00
1.270112437534801186e+00,1.191413140387024949e+00,1.241402605622579092e+00
1.345788256849885567e+00,6.512501338657632477e-01,8.307564444260335801e-01
1.119594911184708330e+00,1.231853836344146025e+00,1.281422326441886472e+00
1.496238924825732175e+00,9.179993032590761937e-01,1.428015023693814278e+00
8.818618704134471020e-01,8.186528533313419675e-01,1.166574813032498881e+00
1.218822257645846285e+00,1.456943239631507403e+00,7.049253863241962126e-01
1.091476873145723836e+00,1.030837770856276814e+00,1.362331597968682750e+00
1.179311265801619824e+00,9.981881175280361562e-01,1.152221421603860874e+00
8.416017256698022919e-01,9.565595436247430472e-01,1.096079248879277657e+00
5.499500461672988116e-01,8.310895969159746155e-01,1.127312246646218874e+00
7.063112971477376600e-01,1.262547287999498113e+00,1.156564065365999650e+00
1.405334699429861223e+00,1.366600182707060185e+00,9.195892303935581102e-01
5.472156298069185132e-01,1.354334222452646674e+00,8.193103334199457466e-01
6.609049246515389386e-01,6.923623904660213269e-01,1.345800775465858745e+00
1.088977625905474422e+00,8.754379098363609391e-01,8.271187685804408662e-01
7.954376381085773717e-01,1.393631131880208596e+00,7.876729514521201292e-01
8.914232007899632881e-01,8.816485990651622418e-01,5.925588336438031289e-01
8.682439983451146759e-01,1.470994837924587628e+00,1.298926041207293602e+00
5.724022378694131330e-01,1.197609019971978661e+00,8.423622894936064753e-01
1.001143293356312913e+00,1.070236279488366637e+00,5.804576838839834441e-01
9.614048478657203356e-01,1.467399761242420553e+00,1.230811062920718513e+00
1.222994555337227895e+00,1.255234960425841484e+00,1.228451638064258944e+00
1.377464047816519876e+00,1.122874996369001011e+00,8.928066614410933299e-01
1.387383817730491131e+00,1.368860287009337817e+00,9.979075804309602837e-01
9.486739857559896016e-01,1.334871787022823497e+00,1.261798773220710546e+00
6.951176267971168610e-01,1.041519272496711945e+00,1.165157889046074313e+00
1.200093219252302834e+00,8.196000273417721749e-01,1.280958735282279104e+00
1.238061154606493464e+00,1.131587320157474874e+00,1.119077241021154467e+00
1.405232232396167902e+00,1.450107248422983774e+00,8.293922541828071537e-01
8.276295708823265818e-01,1.109644471252938303e+00,5.722743738174074224e-01
1.093664789085871281e+00,7.688668062232205669e-01,7.017687195001380829e-01
5.707884524988645625e-01,1.438682723948692566e+00,1.127912319844674549e+00
6.243028620083876934e-01,1.458960554131726317e+00,8.286292088443844017e-01
1.453847571998502453e+00,7.193964033862529917e-01,1.032247060949953443e+00
5.710681051012652665e-01,6.510259004448785136e-01,8.661651098879964428e-01
6.741059654871022211e-01,6.786374530377092817e-01,7.532508020511474722e-01
8.715772630177162084e-01,5.856870155208895312e-01,1.325096980391195611e+00
9.350714136836989487e-01,1.299124680744529137e+00,1.120858475527194198e+00
5.015011265221966941e-01,6.061906256442082253e-01,6.697534460218230734e-01
1.314974460674977141e+00,1.480036645285149444e+00,7.470547310273589758e-01
5.347747912516910285e-01,1.026852816360039444e+00,5.422369167726442951e-01
1.332738593096347124e+00,7.874829832028847898e-01,5.816563674823764796e-01
6.560529237451363516e-01,1.204164135801956581e+00,1.301932393867948345e+00
7.265530326959049878e-01,9.177846013711844497e-01,9.222900289681273955e-01
7.003004550642545345e-01,5.783374259896270075e-01,8.113075355069417904e-01
1.175091629147178907e+00,1.386083994858973156e+00,1.489251942808243356e+00
1.452475662292486369e+00,1.119055052505007364e+00,1.288792414534438047e+00
1.325853281940224004e+00,7.688556111211363175e-01,6.726417408814920895e-01
1.369341051550103439e+00,1.050684274271389995e+00,9.797090996341200064e-01
5.229291478752027267e-01,6.407917508851406208e-01,1.093051013844556829e+00
1.450945912626139700e+00,1.368423063289973651e+00,1.184026206795875336e+00
5.397900868028998600e-01,5.017248330640272647e-01,1.466806076049574692e+00
8.739245096218085651e-01,1.150915697639792512e+00,5.370905790505613453e-01
1.146372924505943747e+00,6.822684287975944173e-01,1.467166755965761071e+00
5.728561267321325978e-01,1.364460814615533479e+00,7.830501272725650663e-01
8.708925346658615840e-01,8.045922049445193291e-01,1.035018126273465677e+00
1.244064194883373720e+00,5.055764940435377719e-01,1.020321737967544440e+00
6.058716311210095018e-01,9.549165322148995827e-01,7.090882528942221708e-01
1.293918242680250241e+00,6.966781345858226171e-01,7.970305806012880634e-01
1.240781471745184827e+00,1.153898035146470713e+00,1.485318710836202483e+00
6.773114855096692422e-01,1.298330110350778277e+00,9.627261556205742865e-01
1.379522643462463449e+00,5.073906504210788926e-01,7.864180409565288965e-01
1.147167923277518042e+00,1.432224971395768875e+00,8.893182452156376261e-01
7.224988077380385398e-01,7.430355238746737534e-01,5.552991586409438129e-01
6.938324429355887668e-01,1.060815708671154933e+00,7.532185181467832003e-01
1.417687375788693416e+00,6.880685932183953080e-01,1.312775471678634620e+00
1.246406134190457538e+00,1.266283597090062329e+00,1.140562336310108726e+00
7.053607023848004198e-01,1.055839778170625021e+00,1.436623124359737158e+00
9.267063765332556047e-01,1.458547623252719472e+00,1.234788702759422208e+00
1.421038920172898568e+00,8.166655700162042120e-01,1.193973477373410752e+00
7.393716236494221050e-01,1.193256533099277261e+00,5.419344525182320238e-01
6.075336892282984236e-01,9.229905180420931998e-01,1.256540145838687117e+00
8.381686230994924713e-01,8.299780112929494580e-01,8.217423076796936954e-01
1.051667250592863923e+00,7.501083246923125891e-01,8.129596787240852551e-01
6.833763321305312832e-01,6.809818405520613460e-01,1.425471849097217136e+00
1.439686544807733615e+00,9.624606480618049797e-01,1.436972187468870121e+00
1.302579572383071316e+00,1.304231276760430935e+00,5.577450458069038719e-01
7.455634666881780781e-01,1.386083686738118992e+00,7.785542253381277922e-01
1.486764979815879073e+00,8.480014966834082957e-01,7.007179625410142609e-01
8.058431278435149725e-01,1.335887353263607746e+00,1.495519821177430764e+00
6.493816820100072329e-01,1.400039084086836194e+00,9.816994392728031205e-01
8.639444644589483469e-01,9.308235583654592693e-01,1.426527470974840561e+00
6.589381999270179646e-01,1.078516586810472688e+00,1.229523089895846688e+00
1.062869364728147525e+00,1.056918964557863161e+00,9.821090875872073855e-01
1.295328161697964831e+00,1.169404376382193078e+00,1.262710522338002628e+00
1.323808278013443473e+00,1.002426524976276045e+00,1.103184742365957760e+00
6.832849254096470260e-01,5.027221336629748016e-01,8.258276481815590708e-01
1.405776471053108878e+00,5.870634726354472255e-01,1.484728387534564931e+00
1.188687157159639796e+00,5.774466388281722651e-01,1.474085855765489450e+00
5.838290735978518553e-01,1.423904465554826970e+00,5.724548567571479118e-01
7.589865009708499644e-01,8.472585160277832372e-01,8.643166755641494836e-01
5.936834834464322919e-01,1.255641285222645509e+00,5.571226647581467573e-01
5.265671252327426277e-01,1.252218012894962040e+00,1.091805776881449752e+00
6.819398597786165972e-01,1.053551724780984911e+00,1.216405620585502945e+00
6.175909387511865356e-01,1.487840503993117736e+00,1.193767210630021003e+00
8.523865393049260275e-01,1.415417188754370503e+00,1.392085010606222806e+00
1.399818281053741842e+00,6.399731322708065440e-01,1.311527661059242345e+00
9.681202861800831672e-01,6.445247630234703928e-01,1.187289829654527340e+00
1.136827913097116838e+00,5.111597000813702385e-01,7.049609127752971549e-01
8.857752713777707898e-01,1.023248560254198747e+00,1.007643023742674782e+00
5.918850829736864716e-01,7.605755736331643035e-01,8.727164163940097641e-01
6.837290659266533899e-01,1.489839903314901903e+00,5.912446696020844383e-01
5.748571649694499408e-01,1.343617046712889174e+00,7.961720334544236666e-01
5.094825722816401781e-01,9.592852406366312312e-01,8.829733369750636385e-01
1.185867175694476527e+00,1.287144394447368612e+00,9.955018785458762398e-01
7.896601892554088176e-01,1.331836635546009617e+00,1.061206925740933116e+00
6.371919586002450231e-01,8.622206048784385457e-01,5.486721068009277058e-01
5.174797767839337537e-01,1.317248272418581667e+00,1.281097175641558561e+00
1.305224365817900800e+00,1.220506714666837134e+00,1.065564345224615739e+00
5.882632170522436033e-01,1.143278463655675647e+00,8.441433845238619504e-01
1.427230988330072226e+00,1.025675549902338668e+00,6.029567829678439406e-01
1.189673292589480180e+00,7.944563311685650664e-01,9.675190829312282359e-01
1.465522478345751445e+00,6.721343496251676042e-01,1.157494844350956065e+00
1.342401588654974054e+00,5.205387336882506544e-01,6.431840514241585760e-01
7.499114459423301682e-01,1.406363496205966124e+00,1.001954502024214211e+00
1.178465353638332491e+00,1.262235319775895315e+00,1.394978575972789070e+00
1.435559337133211599e+00,5.448297787267418757e-01,1.011884299838897494e+00
8.441247071896775811e-01,6.225449756538617985e-01,6.744270311279517705e-01
9.842049274731968778e-01,6.024540863789240586e-01,7.900500415922621089e-01
1.015225993157706341e+00,1.076430441659893100e+00,9.966382189329436869e-01
1.268237123455801862e+00,1.003002422868686905e+00,7.825322807724750529e-01
9.630884735034109800e-01,1.455213239766639521e+00,1.363559745518763133e+00
1.298102423855998833e+00,8.195191348750298088e-01,1.162514919443535355e+00
1.163496969179383944e+00,1.117862186173183225e+00,7.481442375751776730e-01
6.031044492580254213e-01,1.224504671272731215e+00,1.374968055913957876e+00
1.365070385137558961e+00,6.597401496513706221e-01,7.032004433831235968e-01
6.556866988007341579e-01,7.052720743707411311e-01,1.238338129270412757e+00
8.808923291508583553e-01,5.454504225630404379e-01,8.350771116033842700e-01
5.387300190168838876e-01,6.264379289383075200e-01,1.319301336573266425e+00
9.265331413591039178e-01,6.407392692741749052e-01,6.151468159494042354e-01
1.177360614442474418e+00,5.352381106677989164e-01,9.151668091153174478e-01
1.201488823068003864e+00,1.463455165384158096e+00,8.882493402584878961e-01
6.526181775245979422e-01,8.413794154938141201e-01,1.321555143268711152e+00
8.889423674710934531e-01,1.134524808395189766e+00,7.390626601728776945e-01
1.496368872916824966e+00,6.303922877552183834e-01,6.115901450961778174e-01
6.608470055022663825e-01,6.369607433366185623e-01,1.095439150331012801e+00
1.465273598986433834e+00,6.390299248651147845e-01,9.174089671334689777e-01
1.168071620634522301e+00,1.054561972893560906e+00,8.065054050516801132e-01
1.414661443332697832e+00,9.371685340540921727e-01,8.706942034796416596e-01
8.874089153317197276e-01,5.852907203066942676e-01,1.318837672091446533e+00
5.053510771856951633e-01,9.414623231233413270e-01,7.104384923379593042e-01
5.863602668197275269e-01,1.347646653027411379e+00,8.870610442542039564e-01
1.444566704840367866e+00,1.085862865444640946e+00,9.952590542383074057e-01
1.212818941998216937e+00,6.525547530335055191e-01,6.076995566898417689e-01
6.797037019624220244e-01,6.906417573578959024e-01,1.069042418266612948e+00
1.277981265258270271e+00,7.637170519660571033e-01,8.919458297698076299e-01
7.587580371658632084e-01,9.720931352218535881e-01,8.195253299043426809e-01
1.144538026233354433e+00,6.883431628102120170e-01,9.877939068107712828e-01
9.638562654020312870e-01,6.823384656567549333e-01,1.392539748529160626e+00
1.159750239934473459e+00,9.782570087037993911e-01,7.398849135233072083e-01
1.193924632667006991e+00,6.437462075804761819e-01,1.487469165502124380e+00
1.300776919783132257e+00,1.080155023580429141e+00,1.086509295199225011e+00
1.104282444140897157e+00,7.105782695811828642e-01,8.187313412458432360e-01
1.420444942012257794e+00,1.391687025546602063e+00,9.197031556969554877e-01
1.401584446321378241e+00,6.356341008980578300e-01,1.409247391922070047e+00
1.271231256797273446e+00,9.296317870591552790e-01,1.442557902145529258e+00
1.048040788593624262e+00,5.401997180741506810e-01,8.573622585234889071e-01
1.321250351854117433e+00,1.412096478362705465e+00,1.219966039362621268e+00
1.141516349957827581e+00,1.406035138499829085e+00,6.094077122615135789e-01
6.407078997026602885e-01,1.180289044522278452e+00,1.284496479246175493e+00
8.392291708217647361e-01,6.784432742825858842e-01,1.499165857295647664e+00
5.407929258139902995e-01,1.016567190938030496e+00,1.230133044756088756e+00
5.392788385392168760e-01,8.056894721515189817e-01,7.073186480907904805e-01
7.231317060347790537e-01,1.127346684523950149e+00,5.066351909667816678e-01
1.026103014610231678e+00,1.058118222052287116e+00,9.314855009973452837e-01
7.799703074033128569e-01,8.698379139485278300e-01,7.851590341602120438e-01
9.794552882481064593e-01,5.220811262365083749e-01,1.357966352336058335e+00
1.132501079891737206e+00,1.366889404756677528e+00,8.809274222315988112e-01
1.231930982085026827e+00,5.213357379313406925e-01,9.366841048458059982e-01
1.321521830504166495e+00,6.200536058411427742e-01,5.987814891127047900e-01
9.942542967735052972e-01,9.140342099082635619e-01,1.348527839408082629e+00
5.816341467159923395e-01,1.405616167154232876e+00,6.535710640813777728e-01
5.099755554445590811e-01,8.979134500029781751e-01,9.483273583552012109e-01
7.775564570485585802e-01,7.530503322800837784e-01,1.137660070137643586e+00
8.381539446805665872e-01,1.063871516915556814e+00,1.495017087765552422e+00
6.339528905741064202e-01,7.243862149800612826e-01,7.985303362829787588e-01
1.222129081428954711e+00,1.491647369980344084e+00,5.360121509981371490e-01
7.607927184294112077e-01,1.090403732199622500e+00,1.139223692450301861e+00
7.497684992689362948e-01,1.139637886287643731e+00,1.123617699756642274e+00
1.258791558912522035e+00,7.267173810530997979e-01,7.394204666684781602e-01
6.455485764199891952e-01,5.968788052209973438e-01,1.440162491690223590e+00
6.329557379670309736e-01,1.100610139214600602e+00,7.113295557848404727e-01
1.227625527037925046e+00,1.228299818854352576e+00,1.048282673867942272e+00
5.288723706593281282e-01,5.589333329858973132e-01,1.194683004833639650e+00
1.257976911902474182e+00,1.265841583664883307e+00,1.293930302276210309e+00
1.193163646610778228e+00,9.784894043678564746e-01,1.190805772407732999e+00
6.448294839493360353e-01,1.090579109141264436e+00,1.239930685478640715e+00
6.340380054738206095e-01,6.774835734645520136e-01,1.423066400220864391e+00
9.801461973455628529e-01,1.054906478878140597e+00,1.421547675698358937e+00
7.637246041492010695e-01,8.760861469512184474e-01,7.546503777035494798e-01
6.449141490156932166e-01,7.545155272427042092e-01,1.335676652041472234e+00
7.415747199659169508e-01,1.220375054060764963e+00,8.024361127548150785e-01
8.222409225993753124e-01,8.833333620254221197e-01,1.379200457165336680e+00
6.215488023315538513e-01,6.852899114328829810e-01,8.695017267283365880e-01
1.272554129006259416e+00,1.205119396168025769e+00,8.007153367751761452e-01
1.377279894164036067e+00,6.188269473361127648e-01,1.244811034156518614e+00
1.063803578740776246e+00,6.494681502966067610e-01,5.641225702800237718e-01
9.201182978715929384e-01,1.459039946273175570e+00,5.603988662414854938e-01
1.447340234295671157e+00,6.232472315001804652e-01,1.428772785308772830e+00
5.674258085327364975e-01,7.796582050894308447e-01,9.924731198735533555e-01
6.001090637027668429e-01,1.481314387331322813e+00,7.251176162874974906e-01
1.481981157289727680e+00,9.867888765766058556e-01,9.682106143912233565e-01
7.711941502303155671e-01,6.819337411201300547e-01,6.605111873353233243e-01
1.373416929969961231e+00,5.640229390471070969e-01,1.402232746775833760e+00
1.310863503400192753e+00,1.370488601186649724e+00,7.009947271280527747e-01
1.418659933623499514e+00,9.801760679873320337e-01,9.830549350515616069e-01
1.339195778875960752e+00,7.914613642274661576e-01,6.268139048285854553e-01
6.936351157532762990e-01,6.879790577311390987e-01,5.701169428642504089e-01
9.713510696553063761e-01,5.133738626897297319e-01,1.058616456354813717e+00
6.431848433794006281e-01,7.003537213480777179e-01,9.988902018799491467e-01
1.251830802213554916e+00,7.274077505739104943e-01,5.108967513939181027e-01
5.090485979860324139e-01,1.162581471655477205e+00,7.158723279498985237e-01
1.239011425635733410e+00,7.049788229194985378e-01,7.094825550938690384e-01
5.790203394763621114e-01,1.136225891815116240e+00,9.302780595934624364e-01
1.398682713742746442e+00,1.001901223395550433e+00,1.225742842637967955e+00
1.496562233504206141e+00,1.091968432781658560e+00,8.549870814699462862e-01
1.397453793070996486e+00,5.843504578047112874e-01,1.143045652740512175e+00
1.388886659350472952e+00,1.385744579072534233e+00,1.159834543914359362e+00
5.273229626482974775e-01,1.034042959192653655e+00,1.299313259866897718e+00
1.317520820097513923e+00,1.445163932227238934e+00,6.597183574494683844e-01
9.445121098738389342e-01,8.011617932169602385e-01,6.511747615796470434e-01
1.413268088281702362e+00,1.488337639286785752e+00,8.106986504236141089e-01
5.198131804336327821e-01,1.003949551751097236e+00,1.190083826738333350e+00
8.243028968253278688e-01,6.434470726790111339e-01,1.253153503851727857e+00
6.543864023606876801e-01,1.135686230403128327e+00,6.237313608757981687e-01
1.213965345638074345e+00,1.095858246141763415e+00,7.453629905117368226e-01
1.461365877143776304e+00,1.481080306867709639e+00,6.284279145669818822e-01
8.739311431545724318e-01,6.369470705357245244e-01,1.146403810771279508e+00
1.226312827997836585e+00,6.092981769916905321e-01,1.117505592331464959e+00
1.143117285625522950e+00,1.465155861475407217e+00,7.999655715173159543e-01
6.163534397997751935e-01,1.254068151916722051e+00,7.621144674398196983e-01
8.380572029811846901e-01,1.389985757483090723e+00,5.989814580696367630e-01
7.242634989086519370e-01,9.314501265714361100e-01,6.791743059772433755e-01
6.712818027433666845e-01,8.548422754203277574e-01,1.037387280704668013e+00
1.117785725044617040e+00,7.147034550991788748e-01,1.479182776162011548e+00
7.046161758861529956e-01,7.657373024380685900e-01,1.092483597081969737e+00
1.445900036521288179e+00,1.114792901419986659e+00,6.358189057657600562e-01
1.286286723368699203e+00,8.692685534177790885e-01,1.296978758065909343e+00
5.632667232341087571e-01,1.184001683173522057e+00,1.263328776297993006e+00
1.301126775320956774e+00,6.362794709807891858e-01,1.017744671289492420e+00
6.790532144505198042e-01,6.248411221542711225e-01,1.239873078192959444e+00
1.486271836183585826e+00,1.373612327572923508e+00,7.845798386127339485e-01
1.459828847624744519e+00,1.294167749385431554e+00,8.452452509040695450e-01
1.354441302421987015e+00,1.001205776312624529e+00,1.345518689493496289e+00
7.572468244578770546e-01,1.253358372060141779e+00,1.024229627814146060e+00
1.246977509678026008e+00,1.368720041257008635e+00,7.503501036392754564e-01
1.033470267494066785e+00,7.448281330376461673e-01,1.153039720512608390e+00
9.890888504026971173e-01,9.561049246324807571e-01,1.151960738983762056e+00
7.961094261705883302e-01,1.355310736711861752e+00,5.719246606529621024e-01
1.477810954345700978e+00,5.125366296410704958e-01,1.372355513446868791e+00
8.872775028191848268e-01,6.548310801038128570e-01,1.220875587767479953e+00
5.002588194808759159e-01,7.081212767199427383e-01,1.218979936859347690e+00
1.499824012281626651e+00,1.220006083566377963e+00,8.005024577562663834e-01
6.822512500159669813e-01,1.009251124146084422e+00,1.177432666101306147e+00
5.490513170589744751e-01,7.223361350341024334e-01,9.973577829526942828e-01
9.060677326372150731e-01,5.273588385493107600e-01,7.002364333055557388e-01
1.056657717223973947e+00,9.604087275112346278e-01,1.288825231949498606e+00
1.302997113933473949e+00,7.223155820987174902e-01,5.878953373819491013e-01
1.106405354860536150e+00,6.583931936038283084e-01,1.331579797425827660e+00
1.387385698354204555e+00,9.557761291949944393e-01,5.827599804864460609e-01
9.428379652145036927e-01,1.147979463887964791e+00,1.411381401719240536e+00
1.319273998921291158e+00,9.940540805225794863e-01,6.325745075172758414e-01
1.477582978376257739e+00,1.143553217036434866e+00,1.139417221638209465e+00
5.611951028164166022e-01,1.466215672283202709e+00,1.460618870971515548e+00
7.753824261007969953e-01,1.324095582778020752e+00,8.533501944416298501e-01
8.285890066884153971e-01,1.055138285582520208e+00,8.693735873959127503e-01
5.883445284960870936e-01,1.422819919552739787e+00,1.167527186816408991e+00
6.397615641051794810e-01,7.265064786032566779e-01,5.822063194618519733e-01
8.450045753374936242e-01,1.148515597596081239e+00,9.466937479653994014e-01
1.493248467497387821e+00,1.219614881458925382e+00,1.150786323234507247e+00
6.182151457639805114e-01,9.618146476478294238e-01,1.073796475044719312e+00
1.184001635826182675e+00,7.407920277825750244e-01,8.829547042646351818e-01
1.373944907145155048e+00,9.261394548064154630e-01,6.421110622070906881e-01
7.978874948098053643e-01,1.483717607397795124e+00,6.951649168114467647e-01
9.604255152842450238e-01,1.455668832573032034e+00,7.777007062736541743e-01
7.427876064420809721e-01,5.431911389578596427e-01,9.362922949413753360e-01
1.176277160018060153e+00,6.569828662077620285e-01,7.367317852517967225e-01
6.615683246915446958e-01,1.469197238851032372e+00,7.193941222868763807e-01
1.373596441517006106e+00,1.001586860503771437e+00,6.520803090000805158e-01
7.787110363121935164e-01,1.345826199120796929e+00,8.195257083173906887e-01
8.060911448502041665e-01,1.307707010537736636e+00,6.611579744937401415e-01
1.122096080979639421e+00,5.343737001436047462e-01,5.661523836966916301e-01
8.019879996810918010e-01,1.215368579946936700e+00,1.151968267807515822e+00
1.075243658802918167e+00,8.738045074900313569e-01,1.090293619124416580e+00
1.393654482881105272e+00,7.616426603243318105e-01,6.360130386628006782e-01
1.321064063081084372e+00,1.230398513023378104e+00,6.357795948011875087e-01
8.757064179312546992e-01,1.260652239438512900e+00,9.190010138670472450e-01
1.332714151374186251e+00,1.271329192405826536e+00,1.076262489163233083e+00
8.419190985732867283e-01,1.230556470872129715e+00,7.680044005891867309e-01
1.444396790898769378e+00,1.046217290558603796e+00,9.658949447030669155e-01
1.397318837310916662e+00,1.095517890553336482e+00,5.442904533149230950e-01
1.226066405645849233e+00,5.797349859946550055e-01,5.131722265201771327e-01
8.770211687705309345e-01,9.190891048038281053e-01,1.339501767752096617e+00
5.466587746876057086e-01,9.689110891467698217e-01,7.100007922487525658e-01
9.716145452129094640e-01,7.894286011653538493e-01,7.547206872922208598e-01
6.099784270114502194e-01,1.072271927021753557e+00,1.296391534744195440e+00
8.509408577536309304e-01,5.806122512224721754e-01,6.149240557597214218e-01
1.312640800264671892e+00,1.118810455990291608e+00,8.954774734359123300e-01
7.062041642157078636e-01,1.461607756355082888e+00,1.147580010668817874e+00
8.826344564057359010e-01,7.160553770902742254e-01,7.749176398790028619e-01
1.375339889877436494e+00,5.893242706166409439e-01,1.490376791900577036e+00
8.674083587587207989e-01,8.540690863899649266e-01,8.508058411481017602e-01
1.309907795928706431e+00,6.798020568796542262e-01,1.174180854057273127e+00
1.088804640778113786e+00,1.268170391215002413e+00,9.310244468354931247e-01
1.164646580497791906e+00,1.352502482318916233e+00,1.000827468085349725e+00
1.430520594728005523e+00,5.250327278780907436e-01,6.723191292465006130e-01
9.774932487516386770e-01,1.407593895593641564e+00,1.444141454906679334e+00
7.251777712472932125e-01,5.187169072338049247e-01,1.013570575759020986e+00
1.339358841563774938e+00,1.428553619423497345e+00,5.711355647054008333e-01
1.257572655766754144e+00,5.933590177606803406e-01,9.181670101524372907e-01
6.710755182633648674e-01,5.444789868614461348e-01,8.749757736972720856e-01
8.044085676989431999e-01,5.363359390760726875e-01,1.494833722868463388e+00
6.167828003361408573e-01,1.231448348964292672e+00,6.652700642103216433e-01
9.268906503126531637e-01,6.277905056017483165e-01,1.262322083494276548e+00
1.061350492059393247e+00,5.835276500367737595e-01,6.455642256851330529e-01
9.714546186437456043e-01,1.261406658255027624e+00,6.775779241958570509e-01
9.477241414199809588e-01,6.311273845657588977e-01,1.348607172796186582e+00
6.480611128914266494e-01,9.189002132448174098e-01,1.350906936412599180e+00
1.191836185989155972e+00,9.051194190521418825e-01,9.948398518169875304e-01
1.261887404710170024e+00,8.696492852332652346e-01,1.421180830139468387e+00
1.361259030496225542e+00,8.837951855077741392e-01,1.399650604492025385e+00
1.330531827637249309e+00,7.657602955778319842e-01,1.001416121286989869e+00
8.976063780415264315e-01,1.024524822074325048e+00,6.308002008257274085e-01
1.182095192928246608e+00,1.245162353965646895e+00,7.195237636506325307e-01
9.701216958575139548e-01,1.132002075255627904e+00,5.349621480636959081e-01
8.304995900925110641e-01,1.049814703673459970e+00,1.303761512914283216e+00
1.082559623768467816e+00,1.269400863472465835e+00,1.241922706086076689e+00
1.248031233955655184e+00,9.915442959540052836e-01,1.460555686757619043e+00
7.061168708828882146e-01,1.107090420385369312e+00,5.016514084260388362e-01
5.993744502881551695e-01,5.514271371114739528e-01,7.112341149360463799e-01
8.435677124047551434e-01,1.291024619657615613e+00,6.256061676273393379e-01
1.321393560476595397e+00,8.821433311683657408e-01,1.435742563580105768e+00
7.468494099207207970e-01,1.072904516377383821e+00,1.077345147703435035e+00
1.321468059414335539e+00,7.606543824556261102e-01,6.302654064227980468e-01
9.279796164443450124e-01,8.758806502863657473e-01,1.402322901643757280e+00
9.760491268810924659e-01,1.071339390928752966e+00,5.313273521077458428e-01
9.037455461578706162e-01,1.168306353404844344e+00,1.079344634112833212e+00
5.732236469937833645e-01,5.528625753701342793e-01,5.379595584317279355e-01
6.623475849378097635e-01,1.321908612188238408e+00,7.909625916477457386e-01
8.878158495544321571e-01,6.523009535375394741e-01,8.691116816734207884e-01
8.496278821093091738e-01,1.324769347093161631e+00,5.244954647654106461e-01
5.110571090075957112e-01,1.370368068472503698e+00,5.393097548338547931e-01
1.419618624955887976e+00,1.422910439933763094e+00,1.396836405458264263e+00
6.684866091158214729e-01,7.268417056974414425e-01,6.332760062458088202e-01
1.476716646792337606e+00,1.143725758327358566e+00,8.340280586561861220e-01
1.104352059141928688e+00,1.212801258489075495e+00,5.070702779795155379e-01
1.478764054945098660e+00,1.222925687520038496e+00,1.170924353958648245e+00
6.709429100006534252e-01,1.147529130500790640e+00,7.307550852845384748e-01
1.466247480727047137e+00,5.081553493150017253e-01,8.295845865981948952e-01
1.124796870488402600e+00,1.316980484704621368e+00,6.974738216641551691e-01
6.140569904590386097e-01,7.749694158439605074e-01,1.184431370032169806e+00
1.067429882480847469e+00,8.770067404114533227e-01,1.138361437573075285e+00
5.671410943657383408e-01,8.572785215366015565e-01,6.596402260083252811e-01
6.339544044099973963e-01,5.763588601085657404e-01,1.272714835993105531e+00
1.282892981405042709e+00,1.381074738148107883e+00,1.149543115624309220e+00
1.432408803273528264e+00,5.219450855199870842e-01,1.421055610506164024e+00
1.358724530944485753e+00,1.439572599223827076e+00,1.282496691027362079e+00
8.642526250475021099e-01,1.052881863120197714e+00,1.106216308892441269e+00
1.034276883910512979e+00,1.439351379895399186e+00,1.180520810458230763e+00
1.266266314175633845e+00,1.253893674528166802e+00,5.715099851400597952e-01
5.385453682543489551e-01,8.362472420778184201e-01,5.512649573357676358e-01
1.198006896867457538e+00,8.298963509183318044e-01,5.827650169551570336e-01
5.728432513392245351e-01,1.441037170456781258e+00,1.092038204463607665e+00
1.250980708343149228e+00,1.380190422937867201e+00,1.003944194897287367e+00
1.093819427613242246e+00,5.876798154252652617e-01,7.405331073665319952e-01
8.634187445298591168e-01,1.344767214717007331e+00,1.233199326330956413e+00
1.490892759766831333e+00,1.207648983567251477e+00,6.606728905762314641e-01
1.027175210977074205e+00,1.214833439952546001e+00,1.196360124061476515e+00
7.061002813358235874e-01,1.094308691778591358e+00,1.091063727359553592e+00
1.186212420330135853e+00,1.489415615200321730e+00,1.166761198528601495e+00
7.760026905163959210e-01,6.594809978311273468e-01,1.241514756617605242e+00
1.319245943126234000e+00,1.199058009176464434e+00,1.258907934176570098e+00
8.568372356057096795e-01,1.421709537785601274e+00,1.162035966819771504e+00
5.286983811005384615e-01,1.272402805718754415e+00,1.199161795834273070e+00
1.165495362183399219e+00,7.992405003931769558e-01,5.855979874960961507e-01
1.147606877795408487e+00,8.431781194001977120e-01,6.500222788478849933e-01
5.386984153909796236e-01,1.180156677523193531e+00,7.492026351417682140e-01
9.263444367966977566e-01,1.011656971312667963e+00,1.466759070382019470e+00
6.175118813206146307e-01,1.079238956265320404e+00,1.466556599440842490e+00
7.422851443804500127e-01,9.708190994161016718e-01,1.223306905625566543e+00
6.191526899653537752e-01,9.334788021109980960e-01,7.440313308416387494e-01
1.129883959541714056e+00,1.091065018668976982e+00,6.495048879001434905e-01
1.341463964425357425e+00,1.424790232140730639e+00,1.326211642527585166e+00
8.866063342237781031e-01,1.063377543013089177e+00,6.253857162273944725e-01
7.984266667730336442e-01,1.193226973287632831e+00,1.363914556902534159e+00
7.977542177020391367e-01,5.078453620043689165e-01,7.168870071561156410e-01
1.169353756373714415e+00,1.220039578360870403e+00,6.211966837066213998e-01
1.293848843607058985e+00,5.693587335704369812e-01,1.243411457920701402e+00
8.240893187727971192e-01,1.428181969998618683e+00,5.961828934646494771e-01
6.947941195010755022e-01,5.296326886776806520e-01,1.154076397334566018e+00
1.386121658600645068e+00,9.606932236595027153e-01,1.203332669222896723e+00
6.943652115978515837e-01,5.144925655192231773e-01,6.016566178485467375e-01
1.263092013583062556e+00,1.234184828115262755e+00,1.152159599749961405e+00
1.175479493757966676e+00,1.013662654192815094e+00,1.405812921061369680e+00
1.179211823372471324e+00,1.381563240184065844e+00,1.396263763808883507e+00
1.115716590189590018e+00,9.500081197613802209e-01,7.802727974392558163e-01
1.395589401049977640e+00,1.474700038418091719e+00,6.666079678198282288e-01
8.482907476643067879e-01,6.557474967328639215e-01,1.218951483116896828e+00
1.002516774617024042e+00,1.335793285155807197e+00,1.308162671520381126e+00
6.431316869258714153e-01,8.281856307444428467e-01,1.341949962906340499e+00
7.630463261011184439e-01,1.179800576470376505e+00,1.296405856943687596e+00
6.294139625886577827e-01,1.266893647571231574e+00,7.411667622777398101e-01
1.279394110017041175e+00,5.701596121863804489e-01,1.058200251245600576e+00
7.302945702670032846e-01,7.470800499312433285e-01,1.121546858045109119e+00
1.014803148243692110e+00,1.446789173784336580e+00,8.550639872652205931e-01
6.426807182786953287e-01,8.072776631378481005e-01,6.252160187370232602e-01
5.667024554527729796e-01,1.181191220244114382e+00,6.189632000689443414e-01
1.445090865301664085e+00,6.000111084945953799e-01,8.384956473120710463e-01
7.828088639391437287e-01,7.300234982026319042e-01,7.094082848676014352e-01
1.108838683111659229e+00,8.598130970715990307e-01,1.238073168471562457e+00
6.393469451123791059e-01,7.419858732008817181e-01,7.521215433751544666e-01
1.347101269580922578e+00,6.248772187023016178e-01,5.824800240919335570e-01
1.453211031943695275e+00,1.487972004354841449e+00,1.483645945580215786e+00
7.060706642894417628e-01,5.300968709773881127e-01,8.886282160091476534e-01
6.048236324374494099e-01,6.547495039897802682e-01,6.556966457636235202e-01
7.253712606594643342e-01,5.690017666454046941e-01,6.179427299567491483e-01
7.986447783894157215e-01,1.195022011949814500e+00,1.084666817111001214e+00
1.332916197660202862e+00,9.652694035942659401e-01,1.099698479528563588e+00
1.128441947995420414e+00,7.282277350371132441e-01,7.990100061416357535e-01
1.032422775199887788e+00,1.410512846910841001e+00,1.063074477669818219e+00
6.922355945282497869e-01,7.837701184519104691e-01,1.092955945411047569e+00
1.446495428108010239e+00,1.079525028870843784e+00,5.080831424389841144e-01
1.036587220428319966e+00,1.098490168339559148e+00,1.258006292887052568e+00
6.796398159716170451e-01,1.081591846378500588e+00,1.262360198491461194e+00
6.725591663607183301e-01,1.467940649710508971e+00,5.449490042857877414e-01
1.154593456442198907e+00,9.703068406288049008e-01,1.378472124085650119e+00
1.466886154713446633e+00,1.352819343685630393e+00,1.112729674147708181e+00
9.531213833834429883e-01,1.020437600009290957e+00,6.540344564715007136e-01
9.363053962076749448e-01,1.325672794179851177e+00,8.367944852355051477e-01
9.467572733910615268e-01,1.182277690351388078e+00,1.270297798976774306e+00
1.307967970578781003e+00,1.187795834030854758e+00,8.805470241339260484e-01
8.030021057737939394e-01,6.376610321081310762e-01,8.188137555787101673e-01
1.409797758584131255e+00,1.059967648341112234e+00,1.471383181207869706e+00
1.076610030364936854e+00,1.436525816174230030e+00,1.262310483797991045e+00
9.735399884135186310e-01,1.100104588599463584e+00,1.458609773277266708e+00
1.404888880372425763e+00,1.317729416807167375e+00,7.522071237559431189e-01
5.948785678048474912e-01,1.427130603364178629e+00,8.500859751078181370e-01
1.298114144876508558e+00,8.320033810977486288e-01,6.895945134033643065e-01
1.164907879801195367e+00,1.090463790332657057e+00,9.838791393275664321e-01
5.044033947636318294e-01,1.450238840430894571e+00,1.183022894305389761e+00
9.265191230596288019e-01,1.471816531374368076e+00,6.102994072369992695e-01
6.882963893859779247e-01,1.306147105468214553e+00,1.432769597840683584e+00
8.093027256577153272e-01,8.208718021644384466e-01,6.460760324399317245e-01
1.342281457373363018e+00,9.390353700968347983e-01,6.042106936906935788e-01
9.680773075035423725e-01,8.764078217096781254e-01,5.553424344291565395e-01
1.111423850905414401e+00,1.414415610664546685e+00,5.418022070136706558e-01
1.334850114815001376e+00,1.371968324217256008e+00,5.353514419262829227e-01
1.063204065428361655e+00,1.048160400928922709e+00,9.923858233670513895e-01
1.397090996385155881e+00,1.017431851048053559e+00,8.819286899704724680e-01
1.092066363898164028e+00,5.688348946002390605e-01,1.465141222019287204e+00
6.959944526978756318e-01,1.245921432946031970e+00,6.548539701082897180e-01
7.374458666053068656e-01,9.277105030724879242e-01,1.170958384438098854e+00
1.251162956024739259e+00,6.603099240788230517e-01,9.725764458654443390e-01
1.361910880037067173e+00,8.403130600503662118e-01,9.745696458984330901e-01
8.436652253572058946e-01,1.321016658507945696e+00,9.139788059883284799e-01
8.680736232933295993e-01,1.124855525495528141e+00,1.063375100356401148e+00
1.201670140187773850e+00,1.162453939609701337e+00,9.307372864226349796e-01
9.569518673564461064e-01,1.353335270754782771e+00,9.486387720683405744e-01
1.053280777419525416e+00,5.257030264940313335e-01,1.440219458850561907e+00
7.805058145123658919e-01,7.163328451989188217e-01,8.815603287550071165e-01
9.659219213306652341e-01,8.688861359440323007e-01,1.350688325343017970e+00
6.195477324324968338e-01,7.557060121272359821e-01,1.313536800093614731e+00
7.453112706113120822e-01,6.944775883663542038e-01,9.579318144970581095e-01
1.033157283974245999e+00,1.234063785413415104e+00,9.166190301856957934e-01
1.200161971307139641e+00,7.540085403742147196e-01,6.241646931214602789e-01
7.879391300181201041e-01,8.958621981023131564e-01,1.325576893942103762e+00
6.352456668430493947e-01,8.074209066989681549e-01,1.048347289938641236e+00
8.863583643178506444e-01,1.266435788613184732e+00,8.719405407468606706e-01
1.022918572402486737e+00,1.272022055947966690e+00,8.403232388877324155e-01
5.395138756052401119e-01,8.516178814333942304e-01,1.315169148286158940e+00
1.167096632234243980e+00,1.056940924025174811e+00,8.833959078377404683e-01
7.750291568675581333e-01,1.159505019810870063e+00,1.135445178154665280e+00
1.089754076938288074e+00,9.612546806350105166e-01,7.999397683842226492e-01
1.362927039310827038e+00,7.203574072907379389e-01,5.585822022785060792e-01
7.243781147342192028e-01,1.463114595378987026e+00,1.355674200809878105e+00
1.253369467332033027e+00,9.665258191437592350e-01,1.253839788371460706e+00
7.675862393271883910e-01,1.171656833842128709e+00,1.107484732780187331e+00
1.155468701667874853e+00,1.100739794925005066e+00,7.343159021417021703e-01
7.148619150660781019e-01,5.410891801303312487e-01,7.082633830935554098e-01
1.364100980533870189e+00,8.397871332774998754e-01,1.457055273893059111e+00
1.026615194202938230e+00,5.885760436090794467e-01,1.491601031284285117e+00
1.266279562645513890e+00,6.641996748506555637e-01,7.206109527796985548e-01
1.489627333020723032e+00,6.166054690193696342e-01,7.745873550642281558e-01
5.531081098982181254e-01,1.468700381776885777e+00,5.463211756135295527e-01
8.646867386253639376e-01,1.235255022981035733e+00,1.236034233510348024e+00
6.806928287943246891e-01,1.369869844321443653e+00,6.402992193650001163e-01
1.184861580184376706e+00,6.503631381233310194e-01,1.368440152378922692e+00
8.109396567686968371e-01,8.672363399199943812e-01,1.291478680360576003e+00
5.362877178484732887e-01,7.988456119229899732e-01,1.076263497525372426e+00
1.355121153249699839e+00,1.287598277750309883e+00,7.018761044113708270e-01
1.264180674193794207e+00,7.042411853852701409e-01,8.252293305704995197e-01
8.103779493297437186e-01,1.148442285785012285e+00,1.299456843478941970e+00
6.506245320677649380e-01,1.355985216007714600e+00,8.526932391721786519e-01
1.036587036298192821e+00,6.550204248834213816e-01,1.147218470840707383e+00
6.538081542800542323e-01,5.689356561029741410e-01,6.567624345610032499e-01
1.408618147012567823e+00,1.363576574313885459e+00,1.125945719000845280e+00
1.274908987454853593e+00,1.090082003561590795e+00,8.107697036371331878e-01
1.130149790805904608e+00,8.729641810851256345e-01,6.253703763143476646e-01
1.006538791778514019e+00,1.002449600234519789e+00,1.170524509380249434e+00
5.860616137835482631e-01,5.796841995993642360e-01,7.740480773150598681e-01
1.173944764266043661e+00,5.562009059146648671e-01,1.263475093591708731e+00
1.106842064754711474e+00,1.139452723784644572e+00,6.259166088455642152e-01
1.174289063212056394e+00,1.087979047946957323e+00,9.083732809277464959e-01
6.418728822972302739e-01,6.955151484037639387e-01,1.166290902278257935e+00
1.011144560784861035e+00,5.217375579012768494e-01,1.475320418807628986e+00
1.078442712133075077e+00,6.382804012771771118e-01,8.657325369987123320e-01
5.847090587709671272e-01,7.975877519598028043e-01,8.483052654278834259e-01
1.262362992854473731e+00,1.138147932280871633e+00,1.337063391422325553e+00
5.645413670773393733e-01,8.384305446721888044e-01,1.465276948359338416e+00
6.375587881692064141e-01,9.004173017569485626e-01,1.235291032268744704e+00
5.078458837664604486e-01,6.311274365735723979e-01,6.864166492078012105e-01
1.362500020013635460e+00,1.110319668871935672e+00,8.307138817043923096e-01
8.916853519114811277e-01,1.158146403655424983e+00,9.074587814659823559e-01
1.121234035396806217e+00,6.162196701239028851e-01,1.494206099039393276e+00
8.177159190288514345e-01,7.522093463909645950e-01,1.479582024614021440e+00
9.237710207661820050e-01,1.162453810726415515e+00,9.604737815818661373e-01
1.029817503408921198e+00,1.190549291241422836e+00,8.768877178081800894e-01
1.166941858644302998e+00,1.196786805550387633e+00,1.051269220787806269e+00
1.384973596425637776e+00,1.077378826293174496e+00,1.155631581511811001e+00
7.221614579227065844e-01,1.172621724826736100e+00,6.561235855761153868e-01
6.005528942643774126e-01,9.910735658093263734e-01,5.146992112714959822e-01
5.524543411580344898e-01,1.347076639918816543e+00,7.838969572994657353e-01
1.424591808192396947e+00,5.502417333122250342e-01,1.226695231328224001e+00
7.705418604694600493e-01,8.180435870764651840e-01,9.185637881260116933e-01
1.318920967280671430e+00,1.071840663690323048e+00,6.500365082896015778e-01
5.847161045576600991e-01,5.426987053701172181e-01,1.451126979793037286e+00
1.272332460323405856e+00,1.166067029816399980e+00,1.096393478324056758e+00
8.141120631559893850e-01,1.192395301831272958e+00,7.565133781862107831e-01
9.052931267940064197e-01,8.376802617018807018e-01,9.694812785712028091e-01
8.823075566815556936e-01,1.185954302949884021e+00,1.321318963701935134e+00
8.471231508295754553e-01,6.428987532513608105e-01,9.382467269528617093e-01
1.366343322418341666e+00,7.047543234663753431e-01,1.488342667775793382e+00
8.442383256802117319e-01,6.861733439692774272e-01,9.850881077986798351e-01
6.481086079586738657e-01,1.004192428680795945e+00,8.919156320789721759e-01
1.343780823321548912e+00,1.324246620190795420e+00,7.853829259412885566e-01
6.278866689333139073e-01,5.223099567428842738e-01,5.125150802801309302e-01
6.994746988390412312e-01,9.332023265389473021e-01,9.183096464346155452e-01
1.074131669091022090e+00,6.148578027512180411e-01,5.647267927433209378e-01
7.780416117568506040e-01,7.934366878935490419e-01,8.828379160933215175e-01
6.762223582231741137e-01,6.343868346556038595e-01,1.290919577195711154e+00
1.499507032456410816e+00,1.232650760542296720e+00,1.403014945744462727e+00
1.237927562221871280e+00,6.397623950069093457e-01,1.123330645522095050e+00
1.425364975610969420e+00,1.260834834156677742e+00,5.711086935990237201e-01
8.769155182907454327e-01,1.392624744749654253e+00,1.108738465668532402e+00
1.499217774452342056e+00,5.185322028251587723e-01,1.075295401422333708e+00
5.658670581451826775e-01,1.178026015372190427e+00,8.933081348236232566e-01
1.334987893208521070e+00,1.383001689165345383e+00,1.442193228127401028e+00
6.438737171060413544e-01,1.223920400799948682e+00,1.460400853063715143e+00
1.117831835512553607e+00,6.449134869052922658e-01,9.869478320568596530e-01
8.511242733962263163e-01,1.111695993037949526e+00,8.487516681280469211e-01
9.912442398561279733e-01,1.393713664903855287e+00,9.629608213607673273e-01
1.297532405840303493e+00,5.255789495814700008e-01,9.073313697918085063e-01
1.416109341053579218e+00,7.886633859271774405e-01,5.005731783430290571e-01
6.880708477448848059e-01,1.265863355256409140e+00,7.896945005902840098e-01
9.119145994796142851e-01,1.161482545672752664e+00,1.426277186770146255e+00
7.889908456074263832e-01,1.273798116959173221e+00,1.459616907296210631e+00
1.472154027189076730e+00,7.431191167002487719e-01,8.346884337304829593e-01
1.166173935665902883e+00,1.309725581022636476e+00,1.333626495405706880e+00
8.007742500960438603e-01,1.189725551215785604e+00,1.236252127359517505e+00
7.980976610893992795e-01,1.068743006008423535e+00,9.133309992211979811e-01
9.313992597677661633e-01,6.033220585503292765e-01,5.797928600328299265e-01
5.313207582140276886e-01,1.185511544452486632e+00,5.908633879763404151e-01
6.058835414305637768e-01,7.979886996130498567e-01,9.752996077883004933e-01
1.463733793118900506e+00,1.051461613323886768e+00,1.103554628415542194e+00
1.307127691728688479e+00,1.130991072004486675e+00,1.009107307334085046e+00
1.494872810689138909e+00,9.649582414000174024e-01,5.666228880346259045e-01
6.582859965486173026e-01,6.084803674108409943e-01,1.271721619907977274e+00
9.877315450681531939e-01,1.091662113585756266e+00,1.390159162952747884e+00
7.247612514969876685e-01,5.597492568068015428e-01,1.203486172836664370e+00
1.160416333075926509e+00,1.146885783046763807e+00,1.343885872509964274e+00
1.386486758244598327e+00,1.389107636952544134e+00,9.489000607868415260e-01
1.094796753514280852e+00,1.163237874956900786e+00,1.154984172841064360e+00
1.046211648612586309e+00,6.900624684249981877e-01,1.319101859380698016e+00
1.290786785414791193e+00,1.440597933764962590e+00,5.087605712163525418e-01
5.233305477150795859e-01,5.530659295708157952e-01,5.156259949529369280e-01
1.182831167988312338e+00,1.267457436944954718e+00,9.416035996291083343e-01
5.750890133944105420e-01,1.019473270960077782e+00,1.067774562036489572e+00
8.122956287018070487e-01,1.304025101930660124e+00,1.475008153714937986e+00
7.653971499434539805e-01,1.429129979695361374e+00,1.238864679644231304e+00
8.628470026604733167e-01,6.674468662080799142e-01,1.218124310737005889e+00
8.277899037730855891e-01,1.345074934111245568e+00,1.125819800435352125e+00
7.254999739944566484e-01,1.404473324739311302e+00,9.751906037737992916e-01
1.065244512556898782e+00,6.124715508480946813e-01,1.339329879458079908e+00
1.418095652460300116e+00,1.248110192808354446e+00,1.413500310500887203e+00
1.024698772914356848e+00,1.215351638634730502e+00,7.042610978782506415e-01
1.277457031930821163e+00,1.496642022690662266e+00,1.006886838540458795e+00
6.754624370309828540e-01,5.873530581285407726e-01,6.806093430901913877e-01
5.213757121475246503e-01,1.181361628142092224e+00,7.475181451846553138e-01
7.266598107511242910e-01,8.730140418205040165e-01,1.333173772661475187e+00
1.483047179582979380e+00,1.191092504645821615e+00,9.050603915069572736e-01
1.157087792317650354e+00,9.292852637848848518e-01,1.317761328911583263e+00
5.874228346481418228e-01,1.169096023053330269e+00,6.940780757338437246e-01
9.942609857861735012e-01,1.139898947158006326e+00,7.826942701554935322e-01
1.421302975492906961e+00,6.371444787806922472e-01,7.113408808991857901e-01
1.001752957079133921e+00,7.487625821458913089e-01,7.973427808840169995e-01
1.209971295586495188e+00,1.326222381247736060e+00,9.058408174127319246e-01
5.839232075998314064e-01,1.225962461854904539e+00,1.434350938542712672e+00
1.342784987717249967e+00,1.420882710271105909e+00,1.174437127104337453e+00
1.432856712514487096e+00,1.422748836725868271e+00,5.434687744039035096e-01
1.326707807430282493e+00,9.584876822496251059e-01,9.306194644115168835e-01
1.182685888775126593e+00,1.030674407796925429e+00,1.100654935022300940e+00
1.275739881440403067e+00,7.554691817105072538e-01,1.155867208582630923e+00
1.414528891397412780e+00,8.455651827917525232e-01,1.003150800403838971e+00
8.614858024076830212e-01,1.252514856040057190e+00,5.572558436431535034e-01
5.955285456717978043e-01,8.480585145370915789e-01,8.261316323631663350e-01
8.196035052622619999e-01,1.471316857624475283e+00,1.273942404575424181e+00
1.085290279247871137e+00,1.312090103452660639e+00,1.374396423989283411e+00
1.421848764559102918e+00,7.482519140807083469e-01,6.075067488359421342e-01
1.284015650157704247e+00,1.332821122570423178e+00,1.090219040524941230e+00
1.079449965591726013e+00,7.297750313582191950e-01,5.573156732363552246e-01
5.585683529921813273e-01,1.190852506878988581e+00,6.657923711599235128e-01
1.004501736951431967e+00,1.174955964140536713e+00,6.467718531306375640e-01
6.491082740376935556e-01,1.491499953590725180e+00,6.081788906037920439e-01
5.848415772003182633e-01,7.201144903113509965e-01,7.580095246192880554e-01
1.255359353811549949e+00,1.013725526331463511e+00,6.637791158106196576e-01
1.069919709641446115e+00,1.455089671659539174e+00,1.039534348207167724e+00
1.073321033273213931e+00,1.010082344208083960e+00,7.606409851985281856e-01
9.105989676070112004e-01,5.759771999630304284e-01,1.493560575967510129e+00
1.471807658565078114e+00,5.857909290802958413e-01,9.142401045666839199e-01
8.144801304248501239e-01,6.499200836879335252e-01,1.050694664669861611e+00
7.326804370453861015e-01,5.051521373507855683e-01,1.063004172178519946e+00
6.194260008710076315e-01,5.963870897340258770e-01,7.405710631650213038e-01
8.211734635453435960e-01,1.420402203144534914e+00,9.619990303005419019e-01
1.460633543309141746e+00,1.374695716970964821e+00,1.496784308624152349e+00
1.267322545587328708e+00,5.996762852110485431e-01,9.738647661819208601e-01
9.776501406155176932e-01,9.103764449298291650e-01,6.000343108205606901e-01
9.565358540167036017e-01,9.974165354571759012e-01,9.569440842536757197e-01
9.121567507651859863e-01,1.471254109928513465e+00,9.808351391951566356e-01
9.728180156131771561e-01,5.742633422062312087e-01,1.239883317547102681e+00
6.520084130040161297e-01,1.154074780113137688e+00,1.090945679129665002e+00
1.060796229450053030e+00,1.194331070593668054e+00,7.341029615050507218e-01
1.308111631847876488e+00,5.629973989098401299e-01,1.425817999937059710e+00
7.790714136732951323e-01,7.037049834423944050e-01,7.912768606635391944e-01
5.913167561511911696e-01,1.286147606301191626e+00,9.559935690635456007e-01
9.796700042935728714e-01,1.481918227304881874e+00,8.457164606020796116e-01
7.585884172247451263e-01,8.082920910292454852e-01,1.450105868941995890e+00
7.473460414129676765e-01,7.357448163669035868e-01,1.410150746836770885e+00
9.732243385276987402e-01,1.113676579427957281e+00,8.307778364483979772e-01
1.179566965362912168e+00,1.251025160898528332e+00,1.044180129947052116e+00
6.609116312986064168e-01,1.359900129561302462e+00,1.145504319948595029e+00
1.166422223465448216e+00,5.738081955549957369e-01,1.492413842498105492e+00
1.044455501115957752e+00,7.441227308672987428e-01,1.429521567813018867e+00
1.215189797641643032e+00,9.316974044776648034e-01,6.006677403429020456e-01
5.357430988674958261e-01,1.130037169558459453e+00,1.139582554444881435e+00
1.209538854740543234e+00,1.296484987126626409e+00,1.317899158950861960e+00
8.687080703234024703e-01,1.376482157195874967e+00,9.649413882497228645e-01
1.109508365062185753e+00,1.361915830546764017e+00,1.371284187336796467e+00
7.570223595275044071e-01,5.317779796631498801e-01,6.774893985794123719e-01
7.481158540703622961e-01,5.957640596045019610e-01,1.169921933310082540e+00
1.129145867959643335e+00,1.347118212434695650e+00,5.080817384928925096e-01
1.025443679149585563e+00,9.765785705919706183e-01,1.235006782209985499e+00
7.924271319337568009e-01,8.283278864240741779e-01,9.900238645268085724e-01
8.897456125974586572e-01,9.717135703240685762e-01,5.330936661990202108e-01
1.240738653976997785e+00,7.643568416914497954e-01,5.500293470272996643e-01
9.265911818508677511e-01,9.045658130079380355e-01,7.378665529191176242e-01
9.876904765154398413e-01,9.391125810821399078e-01,1.062053750020536480e+00
7.510446867539750659e-01,8.790135785090443798e-01,5.322136175025190541e-01
5.512119125991546964e-01,1.427229704190535298e+00,1.432010230454178412e+00
1.285890932528634956e+00,1.444876974784524704e+00,8.765506760123192853e-01
5.847033488734423301e-01,1.372613208252092543e+00,1.444678916024160653e+00
5.253136606483117532e-01,1.441767753949056097e+00,1.128142130744781202e+00
1.485006012278003107e+00,8.808123964510030657e-01,1.236460760398012670e+00
1.323081041150262482e+00,1.384268127515257962e+00,1.146885611068461763e+00
1.242260106752842930e+00,6.276490192811537971e-01,1.490989452241158197e+00
8.576196874436198270e-01,5.445042393213824772e-01,1.132859487106115726e+00
8.907448505280166628e-01,1.124893388939171901e+00,7.923392374058959575e-01
1.091209476783440380e+00,9.124134666401149119e-01,7.908411487108919502e-01
5.639898845743793743e-01,5.878713927838418174e-01,1.311828298718801689e+00
1.118280445252298971e+00,1.182990939889571269e+00,6.590359906589274841e-01
7.664493269203526138e-01,1.037227589357855084e+00,1.244523534396247744e+00
6.364242978558366515e-01,1.182778707004847440e+00,5.000222113705209415e-01
1.185271308184991490e+00,5.204855311245151217e-01,1.437991449294423241e+00
1.384933744608087602e+00,1.319847319599626534e+00,1.142811663448716430e+00
8.127765655177054960e-01,1.402666872560639932e+00,1.017116025608394203e+00
1.116135444579267721e+00,1.219450462499878096e+00,1.259103688237266150e+00
9.956843862025333003e-01,1.333663119635486005e+00,8.431528569163384557e-01
1.244218098703444131e+00,1.073055386296358549e+00,5.872104161130593525e-01
7.288287462108506976e-01,1.015800498314367806e+00,9.947107678738141834e-01
1.479967607992248579e+00,1.407428179297146364e+00,6.278728932378158101e-01
1.421002093800639798e+00,1.129056786242212063e+00,5.108874556052434013e-01
1.255767907537294725e+00,5.311534963624029437e-01,1.083485200284042715e+00
5.244871122181226086e-01,7.803341046065429554e-01,9.984291825144917532e-01
6.736594691203968699e-01,9.231504524273411727e-01,1.434889496029906120e+00
1.076348681724203393e+00,6.749175226668227001e-01,1.077821435540660122e+00
1.104894651609602985e+00,1.017025493372008205e+00,5.453343370942800306e-01
1.062269654335525226e+00,7.458669093651513204e-01,5.716480259200247271e-01
6.172211073269803228e-01,5.562008390895998300e-01,1.007956035826189201e+00
1.372710762179145449e+00,8.365624616094675670e-01,1.297711629050501081e+00
1.182488135186547940e+00,1.046898360333913924e+00,1.274858475359031074e+00
8.948102216981171919e-01,1.186198650138380106e+00,1.485297179793160005e+00
1.059844207808362526e+00,1.491719295844193827e+00,1.203709905847051287e+00
1.093840934848709256e+00,9.595480916910960056e-01,1.142790439115741519e+00
1.314668873943142691e+00,6.706993974043155005e-01,1.292553480124732479e+00
1.030172838451319794e+00,9.267843772466772823e-01,1.089419886282975369e+00
8.651575793760525324e-01,1.433109960799405558e+00,1.250153099881853969e+00
6.000356248121957448e-01,1.049679828885468957e+00,9.904847930649804955e-01
5.082919456701474603e-01,1.490224570234982338e+00,1.237645736008421871e+00
8.950017159958948421e-01,9.756933613683121953e-01,1.020447982112254515e+00
1.130724698164498943e+00,5.797394575487527790e-01,1.360732574723881427e+00
